{
  "description": {
    "translate": "enchantment.minecraft.impaling"
  },
  "exclusive_set": "#minecraft:exclusive_set/damage",
  "supported_items": "#minecraft:enchantable/trident",
  "weight": 2,
  "max_level": 5,
  "min_cost": {
    "base": 1,
    "per_level_above_first": 8
  },
  "max_cost": {
    "base": 21,
    "per_level_above_first": 8
  },
  "anvil_cost": 4,
  "slots": [
    "mainhand"
  ],
  "effects": {
    "minecraft:damage": [
      {
        "effect": {
          "type": "minecraft:add",
          "value": {
            "type": "minecraft:linear",
            "base": 2.5,
            "per_level_above_first": 2.5
          }
        },
        "requirements": {
          "condition": "minecraft:entity_properties",
          "entity": "this",
          "predicate": {
            "type": "#minecraft:sensitive_to_impaling",
            "stepping_on": {
              "fluid": {
                "fluids": "#minecraft:water"
              }
            }
          }
        }
      },
      {
        "effect": {
          "type": "minecraft:add",
          "value": {
            "type": "minecraft:linear",
            "base": 2.5,
            "per_level_above_first": 2.5
          }
        },
        "requirements": {
          "condition": "minecraft:all_of",
          "terms": [
            {
              "condition": "minecraft:location_check",
              "predicate": {
                "can_see_sky": true
              }
            },
            {
              "condition": "minecraft:weather_check",
              "raining": true
            }
          ]
        }
      },
      {
        "effect": {
          "type": "minecraft:add",
          "value": {
            "type": "minecraft:linear",
            "base": 2.5,
            "per_level_above_first": 2.5
          }
        },
        "requirements": {
          "condition": "minecraft:all_of",
          "terms": [
            {
              "condition": "minecraft:location_check",
              "predicate": {
                "can_see_sky": true
              }
            },
            {
              "condition": "minecraft:weather_check",
              "thundering": true
            }
          ]
        }
      }
    ]
  }
}
