{
	"providers": [
		{
            "type": "bitmap",
            "file": "cheerful:font/emojis.png",
            "ascent": 8,
            "height": 10,
            "chars": [
                "😀😃😄😁😆",
                "🥺🥹😅😂🥲",
                "\u263A😊😇\u0000\u0000",
                "🙂🙃\u0000\u0000\u0000",
                "😉😌\u0000\u0000\u0000",
                "😍🥰😘\u0000\u0000",
                "😗😙😚\u0000\u0000",
                "😋😛😝😜\u0000",
                "🤨\u0000\u0000\u0000\u0000",
                "🤓😎\u0000\u0000\u0000",
                "😏😒\u0000\u0000\u0000",
                "😞😔😓😥\u0000",
                "😟😕\u0000\u0000\u0000",
                "😣😖😫😩\u0000",
                "😢😭\u0000\u0000\u0000",
                "😠😡🥵\u0000\u0000",
                "😱\u0000\u0000\u0000\u0000",
                "🫡\u0000\u0000\u0000\u0000",
                "😬🥶\u0000\u0000\u0000",
                "😶\u0000\u0000\u0000\u0000",
                "😐🫤😑\u0000\u0000",
                "😮😲\u0000\u0000\u0000",
                "😴😪\u0000\u0000\u0000",
                "😵🤐🤕\u0000\u0000",
                "🥴🤢🤮👽\u0000",
                "🤠😈👿🤡💀",
                "❤🩷🧡💛💚",
                "💙🩵💜🖤🤍",
                "💔💕\u0000\u0000\u0000"
            ]
        }
	]	
}