{
  "type": "minecraft:crafting_shapeless",
  "category": "misc",
  "ingredients": [
    {
      "item": "minecraft:bowl"
    },
    {
      "item": "minecraft:beetroot"
    },
    {
      "item": "minecraft:beetroot"
    },
    {
      "item": "minecraft:beetroot"
    },
    {
      "item": "minecraft:beetroot"
    },
    {
      "item": "minecraft:beetroot"
    },
    {
      "item": "minecraft:beetroot"
    }
  ],
  "result": {
    "count": 1,
    "id": "minecraft:beetroot_soup",
    "components": {
      "minecraft:max_stack_size": 16
    }
  }
}