[
  {
    "function": "minecraft:set_damage",
    "damage": -0.005,
    "add": true,
    "conditions": [
      {
        "condition": "minecraft:any_of",
        "terms": [
          {
            "condition": "minecraft:inverted",
            "term": {
              "condition": "minecraft:entity_properties",
              "entity": "this",
              "predicate": {
                "equipment": {
                  "mainhand": {
                    "items": "minecraft:shears",
                    "predicates": {
                      "minecraft:enchantments": [
                        {
                          "enchantments": "minecraft:unbreaking",
                          "levels": {
                            "min": 1,
                            "max": 3
                          }
                        }
                      ]
                    }
                  }
                }
              }
            }
          },
          {
            "condition": "minecraft:all_of",
            "terms": [
              {
                "condition": "minecraft:entity_properties",
                "entity": "this",
                "predicate": {
                  "equipment": {
                    "mainhand": {
                      "items": "minecraft:shears",
                      "predicates": {
                        "minecraft:enchantments": [
                          {
                            "enchantments": "minecraft:unbreaking",
                            "levels": 1
                          }
                        ]
                      }
                    }
                  }
                }
              },
              {
                "condition": "minecraft:random_chance",
                "chance": 0.5
              }
            ]
          },
          {
            "condition": "minecraft:all_of",
            "terms": [
              {
                "condition": "minecraft:entity_properties",
                "entity": "this",
                "predicate": {
                  "equipment": {
                    "mainhand": {
                      "items": "minecraft:shears",
                      "predicates": {
                        "minecraft:enchantments": [
                          {
                            "enchantments": "minecraft:unbreaking",
                            "levels": 2
                          }
                        ]
                      }
                    }
                  }
                }
              },
              {
                "condition": "minecraft:random_chance",
                "chance": 0.333
              }
            ]
          },
          {
            "condition": "minecraft:all_of",
            "terms": [
              {
                "condition": "minecraft:entity_properties",
                "entity": "this",
                "predicate": {
                  "equipment": {
                    "mainhand": {
                      "items": "minecraft:shears",
                      "predicates": {
                        "minecraft:enchantments": [
                          {
                            "enchantments": "minecraft:unbreaking",
                            "levels": 3
                          }
                        ]
                      }
                    }
                  }
                }
              },
              {
                "condition": "minecraft:random_chance",
                "chance": 0.25
              }
            ]
          }
        ]
      }
    ]
  }
]
